mir,gene
hsa-miR-100-5p,FGFR3
hsa-miR-100-5p,MMP13
hsa-miR-100-5p,ATM
hsa-miR-100-5p,BMPR2
hsa-miR-100-5p,CTDSPL
hsa-miR-100-5p,FLT1
hsa-miR-100-5p,IGF2
hsa-miR-100-5p,AKT1
hsa-miR-100-5p,HOXA1
hsa-miR-100-5p,ZNF215
hsa-miR-100-5p,FKBP5
hsa-miR-100-5p,CYR61
hsa-miR-100-5p,ACKR3
hsa-miR-100-5p,ZNRF2
hsa-miR-107,PLAG1
hsa-miR-107,BACE1
hsa-miR-107,CDK6
hsa-miR-107,MYB
hsa-miR-107,VEGFA
hsa-miR-107,ARNT
hsa-miR-107,FBXW7
hsa-miR-107,NFIA
hsa-miR-107,KLF4
hsa-miR-107,PTEN
hsa-miR-107,AXIN2
hsa-miR-107,CHRM1
hsa-miR-107,PRKCE
hsa-miR-107,FOXO1
hsa-miR-107,CAV1
hsa-miR-107,LATS2
hsa-miR-107,JAK1
hsa-miR-107,RAD51
hsa-miR-107,SERPINB5
hsa-miR-107,CDC42
hsa-miR-107,HMGA2
hsa-miR-107,CPEB1
hsa-miR-10b-5p,HOXD10
hsa-miR-10b-5p,KLF4
hsa-miR-10b-5p,PPARA
hsa-miR-10b-5p,BCL2L11
hsa-miR-10b-5p,CDKN2A
hsa-miR-10b-5p,SRSF1
hsa-miR-10b-5p,NOTCH1
hsa-miR-10b-5p,PAX6
hsa-miR-10b-5p,MAPRE1
hsa-miR-10b-5p,SDC1
hsa-miR-10b-5p,NR4A3
hsa-miR-10b-5p,PTEN
hsa-miR-10b-5p,HTATIP2
hsa-miR-10b-5p,DDX58
hsa-miR-10b-5p,MBNL1
hsa-miR-10b-5p,MBNL2
hsa-miR-10b-5p,RSRC1
hsa-miR-10b-5p,MBNL3
hsa-miR-10b-5p,KL
hsa-miR-10b-5p,CSMD1
hsa-miR-10b-5p,ZEB1
hsa-miR-10b-5p,CREB1
hsa-miR-10b-5p,AKT1
hsa-miR-1258,MRGPRF
hsa-miR-130a-3p,MEOX2
hsa-miR-130a-3p,CSF1
hsa-miR-130a-3p,HOXA10
hsa-miR-130a-3p,KLF4
hsa-miR-130a-3p,ATG2B
hsa-miR-130a-3p,SMAD4
hsa-miR-130a-3p,PDGFRA
hsa-miR-130a-3p,SLAIN1
hsa-miR-130a-3p,TGFBR2
hsa-miR-130a-3p,PPARA
hsa-miR-130a-3p,PTEN
hsa-miR-130a-3p,DLL4
hsa-miR-130a-3p,PPARGC1A
hsa-miR-130a-3p,MECP2
hsa-miR-130b-3p,TP53INP1
hsa-miR-130b-3p,CSF1
hsa-miR-130b-3p,UVRAG
hsa-miR-130b-3p,ZEB1
hsa-miR-130b-3p,NR3C1
hsa-miR-130b-3p,SMAD4
hsa-miR-130b-3p,ZBTB4
hsa-miR-130b-3p,PDGFRA
hsa-miR-130b-3p,PTEN
hsa-miR-130b-3p,ITGB1
hsa-miR-130b-3p,CMPK1
hsa-miR-130b-3p,CCNA2
hsa-miR-130b-3p,PPARGC1A
hsa-miR-130b-3p,DLL1
hsa-miR-130b-3p,IGF1
hsa-miR-130b-3p,PPARA
hsa-miR-130b-3p,SAV1
hsa-miR-130b-3p,ERBB2
hsa-miR-141-3p,ZEB2
hsa-miR-141-3p,ZEB1
hsa-miR-141-3p,KLF5
hsa-miR-141-3p,SFPQ
hsa-miR-141-3p,UBAP1
hsa-miR-141-3p,PTEN
hsa-miR-141-3p,ZFPM2
hsa-miR-141-3p,EIF4E
hsa-miR-141-3p,CTBP2
hsa-miR-141-3p,MAPK14
hsa-miR-141-3p,PPARA
hsa-miR-141-3p,MAPK9
hsa-miR-141-3p,E2F3
hsa-miR-141-3p,TCF7L1
hsa-miR-141-3p,ELMO2
hsa-miR-141-3p,KLHL20
hsa-miR-141-3p,KLF11
hsa-miR-141-3p,WDR37
hsa-miR-141-3p,YAP1
hsa-miR-141-3p,HDGF
hsa-miR-141-3p,TM4SF1
hsa-miR-141-3p,CDC25A
hsa-miR-141-3p,PHLPP1
hsa-miR-141-3p,ZMPSTE24
hsa-miR-141-3p,STAT5A
hsa-miR-141-3p,HIPK2
hsa-miR-143-3p,KRAS
hsa-miR-143-3p,MYO6
hsa-miR-143-3p,DNMT3A
hsa-miR-143-3p,COL1A1
hsa-miR-143-3p,SERPINE1
hsa-miR-143-3p,PTGS2
hsa-miR-143-3p,JAG1
hsa-miR-143-3p,AKT1
hsa-miR-143-3p,BCL2
hsa-miR-143-3p,MMP13
hsa-miR-143-3p,SDC1
hsa-miR-143-3p,KLF5
hsa-miR-143-3p,GABARAPL1
hsa-miR-143-3p,NR2C2
hsa-miR-143-3p,COL3A1
hsa-miR-143-3p,LIMK1
hsa-miR-143-3p,NFATC1
hsa-miR-143-3p,MMP14
hsa-miR-143-3p,ITGB1
hsa-miR-144-3p,PLAG1
hsa-miR-144-3p,NOTCH1
hsa-miR-144-3p,PTEN
hsa-miR-144-3p,CFTR
hsa-miR-144-3p,TTN
hsa-miR-144-3p,MET
hsa-miR-144-3p,ETS1
hsa-miR-144-3p,SMAD4
hsa-miR-144-3p,MAP3K8
hsa-miR-144-3p,ZEB1
hsa-miR-144-3p,ZEB2
hsa-miR-144-3p,PTGS2
hsa-miR-144-3p,IRS1
hsa-miR-145-5p,KLF5
hsa-miR-145-5p,KLF4
hsa-miR-145-5p,MYO6
hsa-miR-145-5p,STAT1
hsa-miR-145-5p,IRS1
hsa-miR-145-5p,HOXA9
hsa-miR-145-5p,EGFR
hsa-miR-145-5p,FLI1
hsa-miR-145-5p,FZD7
hsa-miR-145-5p,EIF4E
hsa-miR-145-5p,VEGFA
hsa-miR-145-5p,SERPINE1
hsa-miR-145-5p,IRS2
hsa-miR-145-5p,SWAP70
hsa-miR-145-5p,JAG1
hsa-miR-145-5p,NEDD9
hsa-miR-145-5p,PAK4
hsa-miR-145-5p,DDX17
hsa-miR-145-5p,ERG
hsa-miR-145-5p,CDH2
hsa-miR-145-5p,HDAC2
hsa-miR-145-5p,F11R
hsa-miR-145-5p,ARL6IP5
hsa-miR-145-5p,HLTF
hsa-miR-145-5p,MEST
hsa-miR-145-5p,NDRG2
hsa-miR-145-5p,TPM3
hsa-miR-145-5p,MAP2K6
hsa-miR-145-5p,GOLM1
hsa-miR-145-5p,CCDC43
hsa-miR-145-5p,MMP1
hsa-miR-145-5p,PTP4A2
hsa-miR-145-5p,LYPLA2
hsa-miR-145-5p,JADE1
hsa-miR-145-5p,NIPSNAP1
hsa-miR-145-5p,KREMEN1
hsa-miR-145-5p,MMP14
hsa-miR-145-5p,TSPAN6
hsa-miR-145-5p,PODXL
hsa-miR-145-5p,APH1A
hsa-miR-145-5p,ABHD17C
hsa-miR-145-5p,EPAS1
hsa-miR-145-5p,ETS1
hsa-miR-145-5p,COL5A1
hsa-miR-145-5p,ACTB
hsa-miR-145-5p,SMAD3
hsa-miR-145-5p,TGFBR2
hsa-miR-145-5p,CDK6
hsa-miR-145-5p,ARF6
hsa-miR-145-5p,ADD3
hsa-miR-145-5p,HMGA2
hsa-miR-145-5p,ROCK1
hsa-miR-145-5p,E2F3
hsa-miR-145-5p,NFATC1
hsa-miR-145-5p,HDAC11
hsa-miR-145-5p,CFTR
hsa-miR-145-5p,SPTBN1
hsa-miR-145-5p,SENP1
hsa-miR-145-5p,SET
hsa-miR-145-5p,MCM2
hsa-miR-145-5p,MYOCD
hsa-miR-145-5p,MTDH
hsa-miR-145-5p,PXN
hsa-miR-145-5p,CD40
hsa-miR-145-5p,SMAD2
hsa-miR-148a-3p,DNMT3B
hsa-miR-148a-3p,RPS6KA5
hsa-miR-148a-3p,IRS1
hsa-miR-148a-3p,BCL2
hsa-miR-148a-3p,CDC25B
hsa-miR-148a-3p,MAP3K4
hsa-miR-148a-3p,WNT10B
hsa-miR-148a-3p,SERPINE1
hsa-miR-148a-3p,VAV2
hsa-miR-148a-3p,ROCK1
hsa-miR-148a-3p,SMAD2
hsa-miR-148a-3p,MET
hsa-miR-148a-3p,BCL2L11
hsa-miR-148a-3p,PDIA3
hsa-miR-148a-3p,ERRFI1
hsa-miR-148a-3p,S1PR1
hsa-miR-148a-3p,USP4
hsa-miR-148a-3p,INO80
hsa-miR-148a-3p,QKI
hsa-miR-148a-3p,NRP1
hsa-miR-148b-3p,ROCK1
hsa-miR-148b-3p,CSF1
hsa-miR-148b-3p,HSP90AA1
hsa-miR-148b-3p,PIK3R3
hsa-miR-148b-3p,SLC2A1
hsa-miR-155-5p,MEIS1
hsa-miR-155-5p,MECP2
hsa-miR-155-5p,SMAD5
hsa-miR-155-5p,HIVEP2
hsa-miR-155-5p,JARID2
hsa-miR-155-5p,APC
hsa-miR-155-5p,TRIP13
hsa-miR-155-5p,SDCBP
hsa-miR-155-5p,POLE3
hsa-miR-155-5p,PKN2
hsa-miR-155-5p,PICALM
hsa-miR-155-5p,NARS
hsa-miR-155-5p,MSI2
hsa-miR-155-5p,CEBPB
hsa-miR-155-5p,TM6SF1
hsa-miR-155-5p,JADE1
hsa-miR-155-5p,AGTR1
hsa-miR-155-5p,TP53INP1
hsa-miR-155-5p,FGF7
hsa-miR-155-5p,IKBKE
hsa-miR-155-5p,EDN1
hsa-miR-155-5p,TSHZ3
hsa-miR-155-5p,RUNX2
hsa-miR-155-5p,IFNGR1
hsa-miR-155-5p,KRAS
hsa-miR-155-5p,ETS1
hsa-miR-155-5p,TLE4
hsa-miR-155-5p,FLI1
hsa-miR-155-5p,CYR61
hsa-miR-155-5p,SMAD2
hsa-miR-155-5p,MYB
hsa-miR-155-5p,SKI
hsa-miR-155-5p,SOX6
hsa-miR-155-5p,JUN
hsa-miR-155-5p,PKIA
hsa-miR-155-5p,FADD
hsa-miR-155-5p,BCL6
hsa-miR-155-5p,MITF
hsa-miR-155-5p,NOS3
hsa-miR-155-5p,ANAPC16
hsa-miR-155-5p,MYLK
hsa-miR-155-5p,MYD88
hsa-miR-155-5p,PSIP1
hsa-miR-155-5p,GCFC2
hsa-miR-155-5p,LNX2
hsa-miR-155-5p,ZNF248
hsa-miR-155-5p,CHD9
hsa-miR-155-5p,MEF2A
hsa-miR-155-5p,PCDH9
hsa-miR-155-5p,ZNF561
hsa-miR-155-5p,GPM6B
hsa-miR-155-5p,LRIF1
hsa-miR-155-5p,TAF5L
hsa-miR-155-5p,MORC3
hsa-miR-155-5p,MBNL3
hsa-miR-155-5p,TSPAN14
hsa-miR-155-5p,YWHAZ
hsa-miR-155-5p,SSX2IP
hsa-miR-155-5p,FAM199X
hsa-miR-155-5p,PLS1
hsa-miR-155-5p,SAP30L
hsa-miR-155-5p,OLR1
hsa-miR-155-5p,SMAD4
hsa-miR-155-5p,CIAPIN1
hsa-miR-155-5p,CCDC82
hsa-miR-155-5p,ACTR2
hsa-miR-155-5p,TRAK1
hsa-miR-155-5p,CYP2U1
hsa-miR-155-5p,SLC35F2
hsa-miR-155-5p,TBC1D14
hsa-miR-155-5p,GABARAPL1
hsa-miR-155-5p,JCHAIN
hsa-miR-155-5p,RAPGEF2
hsa-miR-155-5p,PBRM1
hsa-miR-155-5p,MAP3K14
hsa-miR-155-5p,RAB11FIP2
hsa-miR-155-5p,NOVA1
hsa-miR-155-5p,ARL15
hsa-miR-155-5p,MYO1D
hsa-miR-155-5p,LRRC59
hsa-miR-155-5p,SMAD3
hsa-miR-155-5p,FAM91A1
hsa-miR-155-5p,CEP83
hsa-miR-155-5p,MARF1
hsa-miR-155-5p,AGO4
hsa-miR-155-5p,HBP1
hsa-miR-155-5p,GOLT1B
hsa-miR-155-5p,PALD1
hsa-miR-155-5p,PHF14
hsa-miR-155-5p,FAM177A1
hsa-miR-155-5p,UBTD2
hsa-miR-155-5p,PAK2
hsa-miR-155-5p,SLC33A1
hsa-miR-155-5p,ZNF28
hsa-miR-155-5p,MCM8
hsa-miR-155-5p,MYBL1
hsa-miR-155-5p,E2F2
hsa-miR-155-5p,FAM135A
hsa-miR-155-5p,C3orf18
hsa-miR-155-5p,ARL6IP5
hsa-miR-155-5p,PIK3R1
hsa-miR-155-5p,FOS
hsa-miR-155-5p,MAPK14
hsa-miR-155-5p,RAD51
hsa-miR-155-5p,THRB
hsa-miR-155-5p,MXI1
hsa-miR-155-5p,MAPK13
hsa-miR-155-5p,STAT1
hsa-miR-155-5p,CCND2
hsa-miR-155-5p,CASP3
hsa-miR-155-5p,TBRG1
hsa-miR-155-5p,PTEN
hsa-miR-155-5p,FBXW7
hsa-miR-15a-5p,BMI1
hsa-miR-15a-5p,MYB
hsa-miR-15a-5p,CDC25A
hsa-miR-15a-5p,CCND2
hsa-miR-15a-5p,BCL2
hsa-miR-15a-5p,CCNE1
hsa-miR-15a-5p,BACE1
hsa-miR-15a-5p,DMTF1
hsa-miR-15a-5p,BRCA1
hsa-miR-15a-5p,AKT3
hsa-miR-15a-5p,VEGFA
hsa-miR-15a-5p,TSPYL2
hsa-miR-15a-5p,FGF7
hsa-miR-15a-5p,HMGA1
hsa-miR-15a-5p,HMGA2
hsa-miR-15a-5p,PURA
hsa-miR-15a-5p,RECK
hsa-miR-15a-5p,FOXO1
hsa-miR-15a-5p,REPIN1
hsa-miR-15a-5p,KLF4
hsa-miR-15a-5p,YAP1
hsa-miR-15a-5p,CARM1
hsa-miR-15a-5p,SOX5
hsa-miR-15a-5p,PHLPP1
hsa-miR-15a-5p,RET
hsa-miR-15a-5p,CXCL10
hsa-miR-15a-5p,BDNF
hsa-miR-15b-5p,CCNE1
hsa-miR-15b-5p,RECK
hsa-miR-15b-5p,BCL2
hsa-miR-15b-5p,VEGFA
hsa-miR-15b-5p,AXIN2
hsa-miR-15b-5p,PURA
hsa-miR-15b-5p,FOXO1
hsa-miR-15b-5p,CRIM1
hsa-miR-15b-5p,KDR
hsa-miR-15b-5p,AKT3
hsa-miR-15b-5p,TRIM29
hsa-miR-15b-5p,CCND3
hsa-miR-15b-5p,SOCS3
hsa-miR-15b-5p,SMAD2
hsa-miR-15b-5p,RAB1A
hsa-miR-15b-5p,TRIM14
hsa-miR-182-5p,FOXO1
hsa-miR-182-5p,MITF
hsa-miR-182-5p,ADCY6
hsa-miR-182-5p,CREB1
hsa-miR-182-5p,FGF9
hsa-miR-182-5p,BCL2
hsa-miR-182-5p,CCND2
hsa-miR-182-5p,SNAI2
hsa-miR-182-5p,RECK
hsa-miR-182-5p,SMAD4
hsa-miR-182-5p,PTEN
hsa-miR-182-5p,GSK3B
hsa-miR-182-5p,BDNF
hsa-miR-182-5p,CHL1
hsa-miR-182-5p,TP53INP1
hsa-miR-182-5p,ARRDC3
hsa-miR-182-5p,CREB5
hsa-miR-182-5p,TCEAL7
hsa-miR-182-5p,FBXW7
hsa-miR-182-5p,ULBP2
hsa-miR-182-5p,PDK4
hsa-miR-182-5p,PLD1
hsa-miR-182-5p,NRN1
hsa-miR-183-5p,FOXO1
hsa-miR-183-5p,ITGB1
hsa-miR-183-5p,EZR
hsa-miR-183-5p,AKAP12
hsa-miR-183-5p,EGR1
hsa-miR-183-5p,LRP6
hsa-miR-183-5p,DKK3
hsa-miR-183-5p,GSK3B
hsa-miR-183-5p,BMI1
hsa-miR-183-5p,ZEB1
hsa-miR-183-5p,SNAI2
hsa-miR-183-5p,SMAD4
hsa-miR-183-5p,PPP2CB
hsa-miR-183-5p,PTPA
hsa-miR-183-5p,PCLAF
hsa-miR-183-5p,RECK
hsa-miR-183-5p,UVRAG
hsa-miR-184,INPPL1
hsa-miR-184,SOX7
hsa-miR-184,BCL2
hsa-miR-184,EZR
hsa-miR-184,GAS1
hsa-miR-184,ZFPM2
hsa-miR-184,PLPP3
hsa-miR-184,AKT1
hsa-miR-184,BIN3
hsa-miR-184,PKM
hsa-miR-185-5p,CDC42
hsa-miR-185-5p,CDK6
hsa-miR-185-5p,NTRK3
hsa-miR-185-5p,EPAS1
hsa-miR-185-5p,SCARB1
hsa-miR-185-5p,SREBF1
hsa-miR-185-5p,ARC
hsa-miR-185-5p,NFATC3
hsa-miR-185-5p,VEGFA
hsa-miR-185-5p,MCM10
hsa-miR-185-5p,HMGA1
hsa-miR-185-5p,EPHB2
hsa-miR-185-5p,TRIM29
hsa-miR-185-5p,STIM1
hsa-miR-185-5p,COL1A1
hsa-miR-185-5p,SLC9A1
hsa-miR-185-5p,CAMK2D
hsa-miR-190a-5p,PHLPP1
hsa-miR-190a-5p,MARK2
hsa-miR-190a-5p,IGF1
hsa-miR-190a-5p,FOXP2
hsa-miR-190b,IGF1
hsa-miR-190b,PTEN
hsa-miR-190b,BCL2
hsa-miR-191-5p,SOX4
hsa-miR-191-5p,NDST1
hsa-miR-191-5p,CDK6
hsa-miR-191-5p,SATB1
hsa-miR-191-5p,EGR1
hsa-miR-191-5p,CCND2
hsa-miR-191-5p,CTDSP2
hsa-miR-191-5p,SLC16A2
hsa-miR-191-5p,YBX3
hsa-miR-191-5p,CEBPB
hsa-miR-191-5p,BASP1
hsa-miR-191-5p,RPS6KA3
hsa-miR-192-5p,BCL2
hsa-miR-192-5p,CDC7
hsa-miR-192-5p,DTL
hsa-miR-192-5p,HOXA10
hsa-miR-192-5p,LMNB2
hsa-miR-192-5p,MAD2L1
hsa-miR-192-5p,MCM10
hsa-miR-192-5p,KIF20B
hsa-miR-192-5p,PIM1
hsa-miR-192-5p,RACGAP1
hsa-miR-192-5p,10-Sep
hsa-miR-192-5p,ITGB1
hsa-miR-192-5p,CAV1
hsa-miR-192-5p,SCN5A
hsa-miR-192-5p,BMI1
hsa-miR-192-5p,AKT1
hsa-miR-192-5p,ITGB3
hsa-miR-192-5p,H3F3A
hsa-miR-192-5p,SERPINE1
hsa-miR-195-5p,E2F3
hsa-miR-195-5p,CDK6
hsa-miR-195-5p,VEGFA
hsa-miR-195-5p,BCL2
hsa-miR-195-5p,RUNX2
hsa-miR-195-5p,CCND3
hsa-miR-195-5p,CDC42
hsa-miR-195-5p,CCNE1
hsa-miR-195-5p,BCL2L2
hsa-miR-195-5p,BIRC5
hsa-miR-195-5p,MYB
hsa-miR-195-5p,ATG14
hsa-miR-195-5p,HMGA1
hsa-miR-195-5p,FGF2
hsa-miR-195-5p,CDC25A
hsa-miR-195-5p,RET
hsa-miR-195-5p,CBX4
hsa-miR-195-5p,YAP1
hsa-miR-195-5p,KDR
hsa-miR-19a-3p,MECP2
hsa-miR-19a-3p,PTEN
hsa-miR-19a-3p,KAT2B
hsa-miR-19a-3p,BCL2L11
hsa-miR-19a-3p,TGFBR2
hsa-miR-19a-3p,BMPR2
hsa-miR-19a-3p,SMAD4
hsa-miR-19a-3p,KIT
hsa-miR-19a-3p,MSMO1
hsa-miR-19a-3p,ABCA1
hsa-miR-19a-3p,DPYSL2
hsa-miR-19a-3p,PHLPP1
hsa-miR-19a-3p,AKT1
hsa-miR-19a-3p,ZBTB4
hsa-miR-19a-3p,TNFRSF12A
hsa-miR-19a-3p,SOCS3
hsa-miR-19a-3p,TP53INP1
hsa-miR-19a-3p,MTUS1
hsa-miR-19a-3p,ADRB1
hsa-miR-19a-3p,MAP3K5
hsa-miR-200a-3p,ZEB2
hsa-miR-200a-3p,ZEB1
hsa-miR-200a-3p,WASF3
hsa-miR-200a-3p,ZFPM2
hsa-miR-200a-3p,MAPK14
hsa-miR-200a-3p,CCNE2
hsa-miR-200a-3p,SRF
hsa-miR-200a-3p,SMAD2
hsa-miR-200a-3p,SMAD3
hsa-miR-200a-3p,YAP1
hsa-miR-200a-3p,KLHL20
hsa-miR-200a-3p,ELMO2
hsa-miR-200a-3p,WDR37
hsa-miR-200a-3p,TCF7L1
hsa-miR-200a-3p,KLF11
hsa-miR-200a-3p,MYB
hsa-miR-200a-3p,PTEN
hsa-miR-200a-3p,DLC1
hsa-miR-200a-3p,GRB2
hsa-miR-200a-3p,CDK6
hsa-miR-200a-3p,MYH10
hsa-miR-200a-3p,THRB
hsa-miR-200a-3p,HGF
hsa-miR-200a-3p,EGFR
hsa-miR-200b-3p,ZEB2
hsa-miR-200b-3p,ZEB1
hsa-miR-200b-3p,RERE
hsa-miR-200b-3p,ETS1
hsa-miR-200b-3p,FN1
hsa-miR-200b-3p,WASF3
hsa-miR-200b-3p,ZFPM2
hsa-miR-200b-3p,RNF2
hsa-miR-200b-3p,BMI1
hsa-miR-200b-3p,E2F3
hsa-miR-200b-3p,VEGFA
hsa-miR-200b-3p,FLT1
hsa-miR-200b-3p,KDR
hsa-miR-200b-3p,RND3
hsa-miR-200b-3p,CCNE2
hsa-miR-200b-3p,BCL2
hsa-miR-200b-3p,SMAD2
hsa-miR-200b-3p,CREB1
hsa-miR-200b-3p,KLHL20
hsa-miR-200b-3p,ELMO2
hsa-miR-200b-3p,WDR37
hsa-miR-200b-3p,TCF7L1
hsa-miR-200b-3p,KLF11
hsa-miR-200b-3p,MYB
hsa-miR-200b-3p,DNMT3A
hsa-miR-200b-3p,DNMT3B
hsa-miR-200b-3p,MSN
hsa-miR-200b-3p,DLC1
hsa-miR-200b-3p,FERMT2
hsa-miR-200b-3p,OXR1
hsa-miR-200b-3p,NOTCH1
hsa-miR-200b-3p,PHLPP1
hsa-miR-200b-3p,ROCK2
hsa-miR-200b-3p,JUN
hsa-miR-200b-3p,ADAM12
hsa-miR-200b-3p,ETV5
hsa-miR-200b-3p,LDHA
hsa-miR-200c-3p,BMI1
hsa-miR-200c-3p,ZEB2
hsa-miR-200c-3p,ZEB1
hsa-miR-200c-3p,FN1
hsa-miR-200c-3p,ZFPM2
hsa-miR-200c-3p,UBE2I
hsa-miR-200c-3p,RNF2
hsa-miR-200c-3p,MSN
hsa-miR-200c-3p,NTRK2
hsa-miR-200c-3p,ERRFI1
hsa-miR-200c-3p,CCNE2
hsa-miR-200c-3p,BCL2
hsa-miR-200c-3p,TIMP2
hsa-miR-200c-3p,FBLN5
hsa-miR-200c-3p,VEGFA
hsa-miR-200c-3p,NCAM1
hsa-miR-200c-3p,FLT1
hsa-miR-200c-3p,KLF9
hsa-miR-200c-3p,TBK1
hsa-miR-200c-3p,PMAIP1
hsa-miR-200c-3p,LPAR1
hsa-miR-200c-3p,KLHL20
hsa-miR-200c-3p,ELMO2
hsa-miR-200c-3p,WDR37
hsa-miR-200c-3p,TCF7L1
hsa-miR-200c-3p,KLF11
hsa-miR-200c-3p,MYB
hsa-miR-200c-3p,ETS1
hsa-miR-200c-3p,DUSP1
hsa-miR-200c-3p,USP25
hsa-miR-200c-3p,EFNA1
hsa-miR-200c-3p,RND3
hsa-miR-200c-3p,DNMT3A
hsa-miR-200c-3p,DNMT3B
hsa-miR-200c-3p,CFL2
hsa-miR-200c-3p,CDH11
hsa-miR-200c-3p,KDR
hsa-miR-200c-3p,DLC1
hsa-miR-200c-3p,ZNF217
hsa-miR-200c-3p,KRAS
hsa-miR-200c-3p,NOTCH1
hsa-miR-200c-3p,ROCK2
hsa-miR-200c-3p,E2F3
hsa-miR-200c-3p,CDK2
hsa-miR-200c-3p,NOS3
hsa-miR-200c-3p,SIRT1
hsa-miR-200c-3p,FOXO1
hsa-miR-200c-3p,ADAM12
hsa-miR-200c-3p,PTEN
hsa-miR-200c-3p,LEPR
hsa-miR-200c-3p,MYLK
hsa-miR-200c-3p,JAZF1
hsa-miR-203a-3p,UVRAG
hsa-miR-203a-3p,ABL1
hsa-miR-203a-3p,TP63
hsa-miR-203a-3p,CDK6
hsa-miR-203a-3p,SOCS3
hsa-miR-203a-3p,BCL2L2
hsa-miR-203a-3p,ZEB2
hsa-miR-203a-3p,BMI1
hsa-miR-203a-3p,RUNX2
hsa-miR-203a-3p,SMAD4
hsa-miR-203a-3p,E2F1
hsa-miR-203a-3p,BIRC5
hsa-miR-203a-3p,E2F3
hsa-miR-203a-3p,CREB1
hsa-miR-203a-3p,TJP2
hsa-miR-203a-3p,IL24
hsa-miR-203a-3p,SNAI2
hsa-miR-203a-3p,MYD88
hsa-miR-203a-3p,LIFR
hsa-miR-203a-3p,LASP1
hsa-miR-203a-3p,JUN
hsa-miR-203a-3p,VEGFA
hsa-miR-203a-3p,CAV1
hsa-miR-203a-3p,SRC
hsa-miR-203a-3p,TCF4
hsa-miR-203a-3p,PLD2
hsa-miR-203a-3p,ATM
hsa-miR-203a-3p,TYMS
hsa-miR-203a-3p,TBK1
hsa-miR-203a-3p,HOXD3
hsa-miR-203a-3p,NR2C2
hsa-miR-203a-3p,STAT1
hsa-miR-203a-3p,RAB22A
hsa-miR-203a-3p,FGF2
hsa-miR-204-5p,MEIS1
hsa-miR-204-5p,HOXA10
hsa-miR-204-5p,BCL2
hsa-miR-204-5p,TGFBR2
hsa-miR-204-5p,SNAI2
hsa-miR-204-5p,MEIS2
hsa-miR-204-5p,THRB
hsa-miR-204-5p,BCL2L2
hsa-miR-204-5p,EZR
hsa-miR-204-5p,IL11
hsa-miR-204-5p,RAB22A
hsa-miR-204-5p,RAB40B
hsa-miR-204-5p,SERP1
hsa-miR-204-5p,TCF4
hsa-miR-204-5p,FOXC1
hsa-miR-204-5p,MAP1LC3B
hsa-miR-204-5p,CREB5
hsa-miR-204-5p,RUNX2
hsa-miR-204-5p,SOX4
hsa-miR-204-5p,EFNB2
hsa-miR-204-5p,ALPL
hsa-miR-204-5p,HMGA2
hsa-miR-204-5p,SMAD4
hsa-miR-204-5p,SIRT1
hsa-miR-204-5p,NTRK2
hsa-miR-204-5p,USP47
hsa-miR-204-5p,ANKRD13A
hsa-miR-204-5p,CDC42
hsa-miR-204-5p,TXNIP
hsa-miR-204-5p,ITPR1
hsa-miR-204-5p,BDNF
hsa-miR-204-5p,CREB1
hsa-miR-204-5p,CXCR4
hsa-miR-204-5p,FOXM1
hsa-miR-204-5p,DVL3
hsa-miR-204-5p,JAK2
hsa-miR-210-3p,HOXA9
hsa-miR-210-3p,TP53I11
hsa-miR-210-3p,PIM1
hsa-miR-210-3p,HOXA1
hsa-miR-210-3p,FGFRL1
hsa-miR-210-3p,RAD52
hsa-miR-210-3p,EFNA3
hsa-miR-210-3p,BDNF
hsa-miR-210-3p,PTPN1
hsa-miR-210-3p,P4HB
hsa-miR-210-3p,NCAM1
hsa-miR-210-3p,GPD1L
hsa-miR-210-3p,E2F3
hsa-miR-210-3p,XPA
hsa-miR-210-3p,VMP1
hsa-miR-210-3p,TFRC
hsa-miR-210-3p,SDHD
hsa-miR-210-3p,STMN1
hsa-miR-210-3p,PTBP3
hsa-miR-210-3p,ALDH5A1
hsa-miR-210-3p,FOXN3
hsa-miR-210-3p,MCM3
hsa-miR-210-3p,IGFBP3
hsa-miR-210-3p,INPP5A
hsa-miR-210-3p,EHD2
hsa-miR-210-3p,LDHA
hsa-miR-210-3p,FOXP3
hsa-miR-210-3p,HIF3A
hsa-miR-210-3p,ATG7
hsa-miR-210-3p,TWIST1
hsa-miR-210-3p,THSD7A
hsa-miR-215-5p,ZEB2
hsa-miR-215-5p,KDM1B
hsa-miR-21-5p,CDC25A
hsa-miR-21-5p,BCL2
hsa-miR-21-5p,RTN4
hsa-miR-21-5p,NCAPG
hsa-miR-21-5p,DERL1
hsa-miR-21-5p,BASP1
hsa-miR-21-5p,JAG1
hsa-miR-21-5p,SPRY2
hsa-miR-21-5p,TIMP3
hsa-miR-21-5p,SOX5
hsa-miR-21-5p,RECK
hsa-miR-21-5p,FMOD
hsa-miR-21-5p,TGFBR2
hsa-miR-21-5p,PTEN
hsa-miR-21-5p,E2F1
hsa-miR-21-5p,LRRFIP1
hsa-miR-21-5p,NFIB
hsa-miR-21-5p,BTG2
hsa-miR-21-5p,SERPINB5
hsa-miR-21-5p,BMPR2
hsa-miR-21-5p,ERBB2
hsa-miR-21-5p,JMY
hsa-miR-21-5p,TOPORS
hsa-miR-21-5p,HNRNPK
hsa-miR-21-5p,TP53BP2
hsa-miR-21-5p,TP63
hsa-miR-21-5p,TGFBR3
hsa-miR-21-5p,PPIF
hsa-miR-21-5p,MEF2C
hsa-miR-21-5p,EIF4A2
hsa-miR-21-5p,ANKRD46
hsa-miR-21-5p,EGFR
hsa-miR-21-5p,PTX3
hsa-miR-21-5p,PIAS3
hsa-miR-21-5p,DOCK4
hsa-miR-21-5p,DOCK7
hsa-miR-21-5p,PPARA
hsa-miR-21-5p,ANP32A
hsa-miR-21-5p,SOD3
hsa-miR-21-5p,VEGFA
hsa-miR-21-5p,PIK3R1
hsa-miR-21-5p,PTPN14
hsa-miR-21-5p,FBXO11
hsa-miR-21-5p,BCL6
hsa-miR-21-5p,SATB1
hsa-miR-21-5p,MYD88
hsa-miR-21-5p,IRAK1
hsa-miR-21-5p,GDF5
hsa-miR-21-5p,NFIA
hsa-miR-21-5p,SETD2
hsa-miR-21-5p,CLU
hsa-miR-21-5p,SIRT2
hsa-miR-21-5p,CBX4
hsa-miR-21-5p,UBE2N
hsa-miR-21-5p,CEBPB
hsa-miR-21-5p,NAV3
hsa-miR-21-5p,LRP6
hsa-miR-21-5p,ABCB1
hsa-miR-21-5p,PCGF2
hsa-miR-21-5p,BMI1
hsa-miR-21-5p,OXTR
hsa-miR-21-5p,FOXO1
hsa-miR-21-5p,TRAF7
hsa-miR-223-3p,MEF2C
hsa-miR-223-3p,STMN1
hsa-miR-223-3p,LMO2
hsa-miR-223-3p,E2F1
hsa-miR-223-3p,NFIX
hsa-miR-223-3p,NFIA
hsa-miR-223-3p,FBXW7
hsa-miR-223-3p,LIF
hsa-miR-223-3p,EPB41L3
hsa-miR-223-3p,SLC2A4
hsa-miR-223-3p,FOXO1
hsa-miR-223-3p,SCARB1
hsa-miR-223-3p,PARP1
hsa-miR-223-3p,CDK2
hsa-miR-223-3p,ECT2
hsa-miR-223-3p,PTBP2
hsa-miR-223-3p,TAL1
hsa-miR-223-3p,ATM
hsa-miR-223-3p,TOX
hsa-miR-223-3p,STAT5A
hsa-miR-223-3p,CARM1
hsa-miR-223-3p,CXCL2
hsa-miR-223-3p,ABCB1
hsa-miR-223-3p,CAPRIN1
hsa-miR-223-3p,PAX6
hsa-miR-223-3p,CFTR
hsa-miR-223-3p,MYL9
hsa-miR-223-3p,SEMA3A
hsa-miR-223-3p,STAT1
hsa-miR-223-3p,NLRP3
hsa-miR-223-3p,ZEB1
hsa-miR-224-5p,KLK10
hsa-miR-224-5p,CXCR4
hsa-miR-224-5p,CDC42
hsa-miR-224-5p,FOSB
hsa-miR-224-5p,NCOA6
hsa-miR-224-5p,DIO1
hsa-miR-224-5p,SMAD4
hsa-miR-224-5p,PHLPP1
hsa-miR-224-5p,DPYSL2
hsa-miR-224-5p,KRAS
hsa-miR-224-5p,HOXD10
hsa-miR-224-5p,PTX3
hsa-miR-224-5p,TPD52
hsa-miR-224-5p,SERPINF2
hsa-miR-224-5p,BCL2
hsa-miR-224-5p,PAK2
hsa-miR-224-5p,CASP3
hsa-miR-224-5p,RASSF8
hsa-miR-224-5p,GSK3B
hsa-miR-29a-3p,CDK6
hsa-miR-29a-3p,BACE1
hsa-miR-29a-3p,DNMT3A
hsa-miR-29a-3p,DNMT3B
hsa-miR-29a-3p,BCL2
hsa-miR-29a-3p,CD276
hsa-miR-29a-3p,SFRP2
hsa-miR-29a-3p,S100B
hsa-miR-29a-3p,PIK3R1
hsa-miR-29a-3p,ZFP36
hsa-miR-29a-3p,LPL
hsa-miR-29a-3p,CPEB3
hsa-miR-29a-3p,ADAMTS9
hsa-miR-29a-3p,ITGA11
hsa-miR-29a-3p,SAPCD2
hsa-miR-29a-3p,CDC42
hsa-miR-29a-3p,NAV3
hsa-miR-29a-3p,ITIH5
hsa-miR-29a-3p,PTEN
hsa-miR-29a-3p,ABL1
hsa-miR-29a-3p,COL3A1
hsa-miR-29a-3p,HBP1
hsa-miR-29a-3p,KLF4
hsa-miR-29a-3p,TRIM68
hsa-miR-29a-3p,TDG
hsa-miR-29a-3p,CCND2
hsa-miR-29a-3p,VEGFA
hsa-miR-29a-3p,VDAC1
hsa-miR-29a-3p,CDK2
hsa-miR-29a-3p,PER1
hsa-miR-29a-3p,NFIA
hsa-miR-29a-3p,TET3
hsa-miR-29a-3p,LAMC2
hsa-miR-29a-3p,ITGA6
hsa-miR-29a-3p,COL5A2
hsa-miR-29a-3p,COL10A1
hsa-miR-29a-3p,SERPINH1
hsa-miR-29a-3p,CDC7
hsa-miR-29a-3p,TRAF4
hsa-miR-29a-3p,CALCR
hsa-miR-29a-3p,CD93
hsa-miR-29a-3p,SRGAP2
hsa-miR-29a-3p,CEACAM6
hsa-miR-29a-3p,IGF1
hsa-miR-29a-3p,AKT3
hsa-miR-29a-3p,ITGB1
hsa-miR-29a-3p,CACNA1C
hsa-miR-29a-3p,FSTL1
hsa-miR-29a-3p,ALDH5A1
hsa-miR-29a-3p,GSK3B
hsa-miR-29a-3p,ADAM12
hsa-miR-29a-3p,HMGCR
hsa-miR-29a-3p,AHR
hsa-miR-29a-3p,COL1A2
hsa-miR-29a-3p,QKI
hsa-miR-29a-3p,KDM5B
hsa-miR-29a-3p,TFEB
hsa-miR-301a-3p,MEOX2
hsa-miR-301a-3p,SERPINE1
hsa-miR-301a-3p,SMAD4
hsa-miR-301a-3p,BCL2L11
hsa-miR-301a-3p,PTEN
hsa-miR-301a-3p,UVRAG
hsa-miR-301a-3p,MAP3K5
hsa-miR-301a-3p,TIMP2
hsa-miR-301a-3p,CDC14A
hsa-miR-30a-5p,BDNF
hsa-miR-30a-5p,NOTCH1
hsa-miR-30a-5p,TNRC6A
hsa-miR-30a-5p,NT5E
hsa-miR-30a-5p,MBNL1
hsa-miR-30a-5p,DTL
hsa-miR-30a-5p,PIK3CD
hsa-miR-30a-5p,ABL1
hsa-miR-30a-5p,MTDH
hsa-miR-30a-5p,RUNX2
hsa-miR-30a-5p,ERG
hsa-miR-30a-5p,ESR2
hsa-miR-30a-5p,BCL11A
hsa-miR-30a-5p,BCL9
hsa-miR-30a-5p,HSPA5
hsa-miR-30a-5p,EYA2
hsa-miR-30a-5p,SOX4
hsa-miR-30a-5p,IL21R
hsa-miR-30a-5p,CBX3
hsa-miR-30a-5p,MBNL2
hsa-miR-30a-5p,MBNL3
hsa-miR-30a-5p,NCAM1
hsa-miR-30a-5p,ITGB3
hsa-miR-30a-5p,CCNE2
hsa-miR-30a-5p,PIK3R2
hsa-miR-30a-5p,KLF9
hsa-miR-30a-5p,NEDD4L
hsa-miR-3127-5p,PHLPP1
hsa-miR-32-5p,BCL2L11
hsa-miR-32-5p,KAT2B
hsa-miR-32-5p,TSC1
hsa-miR-32-5p,PTEN
hsa-miR-32-5p,REV3L
hsa-miR-32-5p,BTG2
hsa-miR-32-5p,AURKA
hsa-miR-32-5p,FBXW7
hsa-miR-32-5p,TWIST1
hsa-miR-32-5p,KLF4
hsa-miR-326,NOTCH1
hsa-miR-326,PKM
hsa-miR-326,FGF1
hsa-miR-326,BCL2L1
hsa-miR-335-5p,MERTK
hsa-miR-335-5p,SOX4
hsa-miR-335-5p,UBE2F
hsa-miR-335-5p,RUNX2
hsa-miR-335-5p,BCL2L2
hsa-miR-335-5p,BIRC5
hsa-miR-335-5p,BRCA1
hsa-miR-335-5p,ID4
hsa-miR-335-5p,TRIM29
hsa-miR-335-5p,ROCK1
hsa-miR-335-5p,ZEB2
hsa-miR-335-5p,FMN2
hsa-miR-335-5p,DAAM2
hsa-miR-335-5p,SOX17
hsa-miR-335-5p,PARP1
hsa-miR-335-5p,SIAH2
hsa-miR-335-5p,GRM4
hsa-miR-335-5p,CXCR4
hsa-miR-33a-5p,ABCA1
hsa-miR-33a-5p,IRS2
hsa-miR-33a-5p,SRC
hsa-miR-33a-5p,PIM1
hsa-miR-33a-5p,PTHLH
hsa-miR-33a-5p,FOSL1
hsa-miR-33a-5p,SREBF1
hsa-miR-33a-5p,TWIST1
hsa-miR-33a-5p,HMGA2
hsa-miR-33a-5p,CDK16
hsa-miR-33a-5p,PPARA
hsa-miR-33a-5p,ACTB
hsa-miR-33a-5p,PRKAA1
hsa-miR-33b-5p,ABCA1
hsa-miR-33b-5p,BCL2
hsa-miR-33b-5p,PIM1
hsa-miR-33b-5p,PCK1
hsa-miR-33b-5p,SRC
hsa-miR-33b-5p,RORA
hsa-miR-33b-5p,CREB1
hsa-miR-33b-5p,HMGA2
hsa-miR-33b-5p,ZEB1
hsa-miR-33b-5p,TWIST1
hsa-miR-340-5p,MET
hsa-miR-340-5p,KRAS
hsa-miR-340-5p,MECP2
hsa-miR-340-5p,HNRNPA2B1
hsa-miR-340-5p,PTBP1
hsa-miR-340-5p,ROCK1
hsa-miR-340-5p,PUM1
hsa-miR-340-5p,CCND2
hsa-miR-340-5p,CDK6
hsa-miR-340-5p,MITF
hsa-miR-340-5p,AKT1
hsa-miR-345-5p,NTRK3
hsa-miR-375,TIMM8A
hsa-miR-375,JAK2
hsa-miR-375,PLAG1
hsa-miR-375,RASD1
hsa-miR-375,YAP1
hsa-miR-375,MTDH
hsa-miR-375,MAP3K8
hsa-miR-375,FZD8
hsa-miR-375,YWHAZ
hsa-miR-375,CIP2A
hsa-miR-375,ERBB2
hsa-miR-375,PHLPP1
hsa-miR-375,KLF4
hsa-miR-376c-3p,ACVR1C
hsa-miR-376c-3p,GRB2
hsa-miR-376c-3p,BMI1
hsa-miR-376c-3p,NR5A2
hsa-miR-376c-3p,BCL2
hsa-miR-376c-3p,RUNX2
hsa-miR-377-3p,PAK1
hsa-miR-377-3p,SOD2
hsa-miR-377-3p,PTEN
hsa-miR-377-3p,E2F3
hsa-miR-378a-3p,VEGFA
hsa-miR-378a-3p,NPNT
hsa-miR-378a-3p,GALNT7
hsa-miR-378a-3p,TOB2
hsa-miR-378a-3p,GRB2
hsa-miR-378a-3p,CDK6
hsa-miR-378a-3p,KSR1
hsa-miR-379-5p,IL11
hsa-miR-379-5p,PTK2
hsa-miR-381-3p,ID1
hsa-miR-381-3p,HDAC4
hsa-miR-381-3p,TWIST1
hsa-miR-381-3p,CD1C
hsa-miR-410-3p,MET
hsa-miR-410-3p,AGTR1
hsa-miR-410-3p,JAG2
hsa-miR-410-3p,NOTCH1
hsa-miR-410-3p,JAG1
hsa-miR-410-3p,HEY1
hsa-miR-410-3p,CCNB1
hsa-miR-411-5p,GRB2
hsa-miR-421,RBMXL1
hsa-miR-421,CBX7
hsa-miR-421,ATM
hsa-miR-421,SMAD4
hsa-miR-421,CASP3
hsa-miR-421,FOXO4
hsa-miR-425-5p,PTEN
hsa-miR-425-5p,THRB
hsa-miR-425-5p,FGFR3
hsa-miR-425-5p,SMAD2
hsa-miR-429,ZEB2
hsa-miR-429,ZEB1
hsa-miR-429,RERE
hsa-miR-429,WASF3
hsa-miR-429,ZFPM2
hsa-miR-429,BCL2
hsa-miR-429,KLHL20
hsa-miR-429,ELMO2
hsa-miR-429,WDR37
hsa-miR-429,TCF7L1
hsa-miR-429,KLF11
hsa-miR-429,MYB
hsa-miR-429,RBBP4
hsa-miR-429,RASSF8
hsa-miR-429,PTEN
hsa-miR-429,TIMP2
hsa-miR-429,DLC1
hsa-miR-429,VEGFA
hsa-miR-431-5p,KREMEN1
hsa-miR-432-5p,ADAR
hsa-miR-432-5p,MECP2
hsa-miR-432-5p,NES
hsa-miR-433-3p,GRB2
hsa-miR-433-3p,RUNX2
hsa-miR-433-3p,CFTR
hsa-miR-433-3p,KRAS
hsa-miR-433-3p,CREB1
hsa-miR-433-3p,GBP2
hsa-miR-433-3p,TYMS
hsa-miR-433-3p,AZIN1
hsa-miR-433-3p,MET
hsa-miR-451a,ABCB1
hsa-miR-451a,AKT1
hsa-miR-451a,BCL2
hsa-miR-451a,CPNE3
hsa-miR-451a,DCBLD2
hsa-miR-451a,IL6R
hsa-miR-451a,TSC1
hsa-miR-451a,OXTR
hsa-miR-451a,CDKN2D
hsa-miR-452-5p,DPYSL2
hsa-miR-452-5p,KRAS
hsa-miR-452-5p,THRB
hsa-miR-452-5p,BMI1
hsa-miR-452-5p,LEF1
hsa-miR-452-5p,TCF4
hsa-miR-454-3p,SMAD4
hsa-miR-454-3p,CXCL12
hsa-miR-484,SMAD2
hsa-miR-484,ZEB1
hsa-miR-493-3p,FZD4
hsa-miR-493-3p,MXI1
hsa-miR-495-3p,MEIS1
hsa-miR-495-3p,BMI1
hsa-miR-495-3p,HSPA5
hsa-miR-495-3p,FOXC1
hsa-miR-495-3p,AKT1
hsa-miR-495-3p,HMGA2
hsa-miR-495-3p,ABCB1
hsa-miR-497-5p,RUNX2
hsa-miR-497-5p,HDGF
hsa-miR-497-5p,BCL2
hsa-miR-497-5p,EIF4E
hsa-miR-497-5p,BIRC5
hsa-miR-497-5p,CCNE1
hsa-miR-497-5p,E2F3
hsa-miR-497-5p,CCND3
hsa-miR-497-5p,CDC25A
hsa-miR-497-5p,AMOT
hsa-miR-497-5p,TWIST1
hsa-miR-503-5p,CCNF
hsa-miR-503-5p,CCNE2
hsa-miR-503-5p,CCNE1
hsa-miR-503-5p,CDC25A
hsa-miR-503-5p,ANLN
hsa-miR-503-5p,CDC14A
hsa-miR-503-5p,CD40
hsa-miR-503-5p,FGF2
hsa-miR-503-5p,VEGFA
hsa-miR-503-5p,CCND3
hsa-miR-503-5p,PIK3R1
hsa-miR-503-5p,TNFRSF11A
hsa-miR-503-5p,FANCA
hsa-miR-503-5p,FGFR1
hsa-miR-503-5p,FBXW7
hsa-miR-503-5p,BCL2
hsa-miR-503-5p,E2F3
hsa-miR-503-5p,MYB
hsa-miR-584-5p,ROCK1
hsa-miR-655-3p,ZEB1
hsa-miR-655-3p,TGFBR2
hsa-miR-655-3p,MAGI2
hsa-miR-708-5p,BMI1
hsa-miR-708-5p,ZEB2
hsa-miR-708-5p,BIRC5
hsa-miR-708-5p,NNAT
hsa-miR-708-5p,AKT1
hsa-miR-708-5p,PARP1
hsa-miR-708-5p,BCL2
hsa-miR-708-5p,CASP2
hsa-miR-708-5p,CNTFR
hsa-miR-708-5p,SMAD3
hsa-miR-760,CSNK2A1
hsa-miR-92b-3p,CDKN1C
hsa-miR-92b-3p,NLK
hsa-miR-92b-3p,ITGA6
hsa-miR-92b-3p,DAB2IP
hsa-miR-92b-3p,DKK3
hsa-miR-92b-3p,PTEN
hsa-miR-92b-3p,RECK
hsa-miR-92b-3p,SMAD3
hsa-miR-93-5p,TP53INP1
hsa-miR-93-5p,E2F1
hsa-miR-93-5p,MAPK9
hsa-miR-93-5p,VEGFA
hsa-miR-93-5p,KAT2B
hsa-miR-93-5p,PTEN
hsa-miR-93-5p,PURA
hsa-miR-93-5p,LATS2
hsa-miR-93-5p,TGFBR2
hsa-miR-93-5p,CERS2
hsa-miR-93-5p,SLC2A4
hsa-miR-93-5p,ATG16L1
hsa-miR-93-5p,DAB2
hsa-miR-93-5p,ZBTB4
hsa-miR-93-5p,ABCA1
hsa-miR-93-5p,ZNRF3
hsa-miR-93-5p,FOXA1
hsa-miR-940,DUSP1
hsa-miR-96-5p,FOXO1
hsa-miR-96-5p,MITF
hsa-miR-96-5p,ADCY6
hsa-miR-96-5p,KRAS
hsa-miR-96-5p,REV1
hsa-miR-96-5p,RAD51
hsa-miR-96-5p,SCARB1
hsa-miR-96-5p,GSK3B
hsa-miR-96-5p,ZEB1
hsa-miR-96-5p,SNAI2
hsa-miR-96-5p,RECK
hsa-miR-96-5p,TRIB3
hsa-miR-96-5p,TP53INP1
hsa-miR-96-5p,BDNF
hsa-miR-98-5p,E2F1
hsa-miR-98-5p,E2F2
hsa-miR-98-5p,HMGA2
hsa-miR-98-5p,CASP3
hsa-miR-98-5p,MPL
hsa-miR-98-5p,ITGB3
hsa-miR-98-5p,CCND2
hsa-miR-98-5p,E2F5
hsa-miR-98-5p,EDN1
hsa-miR-98-5p,CBL
hsa-miR-98-5p,IGF1
hsa-miR-98-5p,PAK1
hsa-miR-98-5p,SLC31A1
hsa-miR-98-5p,BCL2
hsa-miR-99a-5p,RAVER2
hsa-miR-99a-5p,FGFR3
hsa-miR-99a-5p,SERPINE1
hsa-miR-99a-5p,MTMR3
hsa-miR-99a-5p,HOXA1
hsa-miR-99a-5p,FKBP5
hsa-miR-99a-5p,CTDSPL
hsa-miR-99a-5p,AKT1
hsa-miR-99b-5p,RAVER2
hsa-miR-99b-5p,ARID3A
