sample,time,status
TCGA-A7-A13G,23.93 ,0
TCGA-AC-A23H,5.80 ,1
TCGA-AC-A2FB,41.13 ,0
TCGA-BH-A0AZ,63.97 ,0
TCGA-BH-A0B5,71.20 ,0
TCGA-BH-A0B7,85.30 ,0
TCGA-BH-A0BS,87.07 ,0
TCGA-BH-A0BT,78.83 ,0
TCGA-BH-A0BW,79.03 ,0
TCGA-BH-A0BZ,75.17 ,0
TCGA-BH-A0C3,90.30 ,0
TCGA-BH-A0DD,82.87 ,0
TCGA-BH-A0DG,68.03 ,0
TCGA-BH-A0DL,79.37 ,0
TCGA-BH-A0DO,54.80 ,0
TCGA-BH-A0DT,80.10 ,0
TCGA-BH-A0DV,68.80 ,0
TCGA-BH-A0H5,54.00 ,0
TCGA-BH-A0HA,53.70 ,0
TCGA-BH-A18J,20.40 ,1
TCGA-BH-A18K,92.10 ,1
TCGA-BH-A18L,27.03 ,1
TCGA-BH-A18M,73.57 ,1
TCGA-BH-A18N,38.27 ,1
TCGA-BH-A18P,30.70 ,1
TCGA-BH-A18Q,56.40 ,1
TCGA-BH-A18R,38.07 ,1
TCGA-BH-A18S,66.97 ,1
TCGA-BH-A18U,52.10 ,1
TCGA-BH-A1EN,70.90 ,1
TCGA-BH-A1EO,93.27 ,1
TCGA-BH-A1ET,84.00 ,1
TCGA-BH-A1EU,42.87 ,1
TCGA-BH-A1EV,12.17 ,1
TCGA-BH-A1EW,56.47 ,1
TCGA-BH-A1F0,26.17 ,1
TCGA-BH-A1F2,31.97 ,1
TCGA-BH-A1F8,25.43 ,1
TCGA-BH-A1FC,115.73 ,1
TCGA-BH-A1FE,75.77 ,1
TCGA-BH-A1FG,124.53 ,1
TCGA-BH-A1FH,34.47 ,1
TCGA-BH-A1FJ,64.23 ,1
TCGA-BH-A1FM,46.27 ,1
TCGA-BH-A1FN,73.07 ,1
TCGA-BH-A1FU,56.27 ,1
TCGA-BH-A203,39.13 ,1
TCGA-BH-A204,84.47 ,1
TCGA-BH-A208,58.63 ,1
TCGA-BH-A209,131.97 ,1
TCGA-E2-A153,23.57 ,0
TCGA-E2-A158,15.00 ,0
TCGA-E2-A15I,56.40 ,0
TCGA-E2-A15M,11.20 ,1
TCGA-E2-A1IG,71.33 ,0
TCGA-E2-A1L7,61.20 ,0
TCGA-E2-A1LB,76.87 ,0
TCGA-E2-A1LS,53.47 ,0
TCGA-E9-A1N4,33.33 ,0
TCGA-E9-A1N5,37.33 ,0
TCGA-E9-A1N9,36.70 ,0
TCGA-E9-A1NA,37.07 ,0
TCGA-E9-A1NF,35.73 ,1
TCGA-E9-A1NG,26.20 ,1
TCGA-E9-A1R7,48.90 ,0
TCGA-E9-A1RB,32.53 ,1
TCGA-E9-A1RC,40.80 ,0
TCGA-E9-A1RD,1.13 ,0
TCGA-E9-A1RF,6.67 ,0
TCGA-E9-A1RH,47.23 ,0
TCGA-E9-A1RI,48.30 ,0
TCGA-GI-A2C8,7.50 ,0
